country,economic_development_index,gender_inequality_composite,youth_vulnerability_index,freedom_index,maternal_health_risk,econ_gender_interaction,freedom_inequality_interaction,youth_compound_risk,wpsi,seats_parliament,maternal_mortality,ip_violence_missing,wpsi_missing,ip_violence,predicted_ipv
Afghanistan,-3.4351478421164487,2.0128293980744023,1.9381001247739384,-2.284677522942525,1.558707693415078,-6.914366563343833,-4.598666083298519,1.4550408584628618,0.286,27.2,638.0,0,0,46.0,36.05090714719268
Angola,-0.958283041962724,1.2481513988302642,0.3172902515802029,-0.7347844419073817,1.415363270499101,-1.1960823193010948,-0.9171222290054134,-2.584103303317134,0.598,29.5,241.0,0,0,38.0,31.806704131336488
Albania,1.1475386162139978,-1.6903091472516465,-0.7160768296524278,0.8236458827492592,-0.7041432274870694,-1.9396950198110168,-1.3922161697072295,0.6190536878646229,0.796,35.7,15.0,0,0,13.0,21.30925591091198
Andorra,1.659921685445072,-2.1348989389457484,-0.5279248649935635,0.8264186185971738,-0.8497480569077027,-3.5437650449897227,-1.7643202319681175,0.2911526516971323,0.8469845657515525,46.4,0.0,1,1,20.157011165644192,21.43055334345504
United Arab Emirates,1.6999652957479383,-1.678001487691456,0.2473247386624076,-0.3540627818927054,-0.8798010603103322,-2.852544295288886,0.5941178747521353,-1.3056474200236925,0.868,50.0,3.0,1,0,20.35945907584631,22.26585025162271
Argentina,-0.2507724724455446,-1.2803806882215452,-0.1812645306704042,-0.5198413457837721,-0.3292627068148444,0.3210842308568449,0.6655948200806403,0.0247993459588458,0.768,44.4,39.0,0,0,27.0,25.14922983031116
Armenia,0.5723939675754395,-1.026175183795336,-1.1030329723586365,1.1577406647117006,-0.6275642779078345,-0.5873764848800681,-1.1880447393978637,0.6844373450127336,0.772,33.6,26.0,0,0,10.0,21.939549988196703
Antigua and Barbuda,0.8824275582971417,-0.7999576056283823,-0.240958840916796,0.3683949661226064,-0.4012087858187172,-0.7059046366758812,-0.2947003550249892,0.0434896350288689,0.7636185163976363,31.4,42.0,1,1,23.83984988061436,23.170388048242955
Australia,1.9797479285389172,-2.0375008805255304,-0.7316146643786063,1.439090131920253,-0.8077396919349311,-4.033738147616639,-2.932147410943117,0.6797839323560161,0.902,37.9,6.0,0,0,23.0,21.227161719591756
Austria,1.7457537661920908,-2.1230206021651807,-0.6802687953523597,1.1297720317248294,-0.8439789617770942,-3.706271211933265,-2.398529299101827,0.4124746943580366,0.911,39.3,5.0,0,0,15.0,21.078858135628625
Azerbaijan,0.332070542129935,-0.2088724731675298,-0.0845833651412027,-0.7808749095353148,-0.3447860175994421,-0.0693603954007619,0.1631032735891123,0.0085934481294809,0.667,18.2,26.0,0,0,14.0,24.786779972665144
Burundi,1.9247628418447251,-0.5431963112370893,-0.3039489685817598,-1.4679936632118102,0.9809485633250594,-1.045524075696272,0.7974087427760774,-0.1427157461981846,0.394,38.9,548.0,0,0,40.0,30.266569990419214
Belgium,1.6247407977556758,-2.190111147898641,-1.1456274597199865,1.0718230058062002,-0.846597279002172,-3.5583629336104368,-2.347411513590389,1.6579083501955632,0.902,42.9,5.0,0,0,22.0,21.064824773422096
Benin,-1.4976993991581795,1.7585098428207198,0.192223380151336,0.0268494054153252,1.1552199130385246,-2.633719135006337,0.0472149436967334,-0.3667709583856246,0.566,8.4,397.0,0,0,26.0,32.32955466935258
Burkina Faso,-2.58928551120506,1.7432930947535674,0.2350872246408295,-0.2784881230608684,1.2239985449768311,-4.513883552029242,-0.4854864219028937,-0.8295424721084652,0.481,6.3,320.0,0,0,19.0,34.31450430215436
Bangladesh,-0.9692182756920922,1.5734410264609304,0.5500033414015144,-1.0068664693649725,0.4422245809137722,-1.5250077985696586,-1.584245011066715,0.4029633675869291,0.593,20.9,173.0,0,0,50.0,29.95035350130518
Bulgaria,1.4131305050950511,-0.7367521402556186,-0.6091586501431925,0.9220041980144013,-0.3996417314459696,-1.0411269240892824,-0.6792885662117752,0.1786088015555474,0.826,23.8,10.0,0,0,19.0,21.46605608683212
Bahrain,1.54652264010475,0.1305018212850854,0.1256104272873029,-0.4687591683697253,-0.7822755729304758,0.2018240211922885,-0.0611739252163311,-0.8809326567277458,0.752,18.8,14.0,1,0,22.83046127712103,23.09382885071947
Bahamas,1.1634853005759913,-0.2611404805838704,-0.2407262616249215,0.8745055425957974,-0.4364544374943143,-0.3038331105446833,-0.2283687976667249,-0.1319130158530196,0.7989831619961112,20.0,70.0,1,1,24.148205877586683,22.776982253521936
Bosnia and Herzegovina,0.6566975469153901,-0.276653263942119,0.1110320200626665,0.3239146370703648,-0.7753702532446207,-0.1816775197769255,-0.0896120415841433,-0.6741505414346983,0.754,24.6,10.0,0,0,12.0,23.56844701518529
Belarus,0.8223440411634729,-1.5756657496734336,-0.8248509216575473,-0.525152427374875,-0.7667962483230659,-1.2957393401093245,0.8274646931724559,0.6788316698529877,0.733,34.7,2.0,0,0,21.0,22.841996641189134
Belize,-0.705566719227462,-0.0286534837579876,1.07116514436183,-0.0307884671206077,-0.1002175943063091,0.0202169445295606,0.0008821968425736,0.527476249156593,0.657,19.6,36.0,0,0,24.0,28.097487550866752
Bolivia (Plurinational State of),-0.6300802096238107,-0.5858653539758434,0.0146572676902895,-0.2982676160935769,0.249432396755976,0.3691421650444275,0.1747446624821944,-0.1436951454690178,0.696,48.2,155.0,0,0,42.0,28.95050519745945
Brazil,0.4046742290820825,0.1074978729456592,0.1562790367476348,-0.087908663843414,-0.2031799672107657,0.0435016188622483,-0.0094499943766619,0.0044911302429755,0.63,14.8,60.0,0,0,23.0,26.41901775770281
Barbados,0.0642593644489849,-1.600281715525201,-0.8945307616700284,0.6148426974125758,-0.3137833822074346,-0.1028330859789807,-0.9839215265935388,0.0943478551506379,0.779,29.4,27.0,1,0,24.375826980000124,23.33845391737234
Brunei Darussalam,1.6342764744152842,0.1473285030867646,0.0946165078219032,-0.5477108267665741,-0.7278370303928732,0.2407755066055191,-0.0806934162319336,-0.9581180103705168,0.6932369300100404,9.1,31.0,1,1,23.66274925040296,24.47407805552561
Bhutan,-0.3619900622794972,0.7637716254492496,0.0594079097047687,-0.119962499501779,-0.2754385760091523,-0.2764777382636866,-0.0916239532374285,-0.3114766502920402,0.7,16.7,183.0,0,0,22.0,28.316921439895204
Botswana,1.0472299942957946,0.5426888884153297,0.534904566173596,0.592056301505173,0.0353917928601615,0.5683200815195768,0.3213023761431336,0.1056279267561287,0.659,10.8,144.0,0,0,34.0,26.57687668698996
Central African Republic,1.903955679272236,2.365009846502856,0.9187547675195168,-1.2000370471221606,2.998961122568028,4.502873928783871,-2.838099432612122,-0.5537830739124483,0.378,12.9,829.0,0,0,29.0,33.14117887917232
Canada,1.8234545347182007,-1.8940992026769847,-0.7637407922437137,1.3380575412483853,-0.8133358530082474,-3.453803780327476,-2.5344137220144933,0.7186863621239802,0.885,34.4,10.0,1,0,20.92584131306785,21.69341459140604
Switzerland,2.317211311010928,-2.2227827284200847,-0.6827236563814054,1.7961778322205286,-0.8871811959908763,-5.1506572802147526,-3.99251306263082,0.6146741564399806,0.928,39.8,5.0,0,0,12.0,20.853836437093513
Chile,1.3687059682291325,-0.9326547095079554,-0.2359221034565925,1.014391655700698,-0.5828662925156449,-1.2765300672005462,-0.9460771549748284,-0.0539791582681722,0.736,32.7,13.0,0,0,21.0,21.970185426047692
China,0.4655653315624697,-0.5295196752039412,-0.8989873474474027,-1.0360180331009077,-0.7191477360997902,-0.2465260031551741,0.5485919323930186,0.8906470007834959,0.7,24.9,29.0,0,0,19.0,23.594173709862417
Côte d'Ivoire,-0.9234764226511164,1.535019073889181,0.3606954374284978,-0.4226874353529671,1.8057351583845729,-1.4175539230564105,-0.6488332755601046,-0.4163908581712944,0.573,15.6,617.0,0,0,27.0,33.813364221937036
Cameroon,-1.898502066359076,1.0860262643954142,0.3778735624290347,-1.145239763726938,1.6827288828402254,-2.0618231070749222,-1.2437604624374532,-0.5826051840101658,0.466,31.1,529.0,0,0,39.0,34.527111997867706
Congo (Democratic Republic of the),-3.3692451172602893,1.132659051667477,-0.260608236808303,-1.2563069405638712,1.1762525601190632,-3.816205979351317,-1.4229674279023437,-1.3255113096580922,0.384,22.02182162952962,411.9881665254402,0,0,47.0,35.74751490639747
Congo,-2.3973930332528486,0.8101006406148286,0.3109795471309943,-1.2644960805180343,1.2613330638485118,-1.94212963204366,-1.0243690848825997,-1.194587965723316,0.507,13.6,378.0,1,0,33.59457731968713,33.126763042114234
Colombia,0.5312607873083202,0.2197726630298226,0.5665369367076291,-0.1311585423306369,0.0281102773911102,0.1167565979900697,-0.0288250621271137,0.2986832264224592,0.582,19.6,83.0,0,0,30.0,27.43740932154696
Comoros,-1.651742480941686,0.8418537963106089,-0.0210747771897401,-0.7259113124061076,0.4358547325598295,-1.3905256781082618,-0.611111194133898,-0.0803262594791246,0.519,16.7,273.0,0,0,16.0,30.862899981356186
Cabo Verde,0.0737074772351789,-0.860733530432068,0.1099190605659218,1.0640683847981725,-0.0766663977891858,-0.0634424970998768,-0.9158793374684792,0.2276149225000839,0.738,38.9,58.0,0,0,19.0,24.00793957979605
Costa Rica,1.3032153596126492,-1.5208471047010137,-0.0808420841689696,0.9933058663554868,-0.3818596300594549,-1.981991306468788,-1.510666350929274,0.0428988180753848,0.743,45.6,27.0,0,0,27.0,22.67514069067942
Cuba,-0.0687786772349649,-1.3519947743649203,-0.3277708805858248,0.4269360972940672,-0.208877759147034,0.0929884122094041,-0.5772153725293321,-0.0660807292785576,0.7635904868177177,53.4,36.0,0,1,14.0,22.555031887087747
Cyprus,1.5417095363503848,-0.5093707694391347,-0.8412789552418795,1.032948009287895,-0.8247587538979364,-0.7853017727824472,-0.5261535222815977,1.066190792836583,0.739,14.3,6.0,0,0,16.0,21.651027123522404
Czechia,1.6977498024833682,-0.996226715475485,-0.5433091470837889,1.2371697902252297,-0.7933965918827679,-1.6913437094271593,-1.232501596601575,0.360197538623618,0.884,22.1,3.0,0,0,22.0,21.285381412344076
Germany,1.8055192952915045,-1.866952723840892,-0.7713860630820366,1.198689103956613,-0.8133934976940115,-3.3708191662917613,-2.2378958876701964,0.6854117360249592,0.871,34.8,7.0,0,0,21.0,21.43807814919714
Djibouti,-0.8269358020440789,0.1081498965407672,0.7658195268077731,-0.8896621212152103,-0.0839252227952834,-0.0894330214369235,-0.0962168663656645,0.0581227830928518,0.504,26.2,248.0,1,0,25.545570791363435,29.36989834838887
Dominica,0.0051448791632168,-0.7903279175915783,-0.2255270508918395,0.3115703994246657,-0.1614366677355153,-0.0040661416353254,-0.2462427849604723,0.038611746802516,0.7296755540391057,34.4,118.81342330163244,1,1,24.656090903682703,24.748306383992094
Denmark,2.1068158093694045,-2.312533117203321,-0.8439155155333679,1.5737108510786937,-0.8933098177446457,-4.872081331014266,-3.6392584600217024,1.044271754651811,0.932,39.7,4.0,0,0,23.0,20.972547092509657
Dominican Republic,1.1036412837470282,0.0755667907882692,0.5662787165974928,0.693483202426729,0.140928496812508,0.0833986299942085,0.0524043000729596,0.2933084055526364,0.666,25.7,95.0,0,0,19.0,24.889039465847404
Algeria,-1.0822429730486305,2.364895696722968,1.258684692780914,-1.4884356717063572,-0.5272885147713368,-2.559391749771377,-3.5199951148673243,-1.9858808267132917,0.622,7.5,112.0,1,0,25.25584897945067,28.524163645512584
Ecuador,-0.3077498229094532,-0.8506486566949252,0.1244208398247081,0.1257468705788668,0.0302674371300752,0.2617869734560274,-0.1069664065415036,0.0332505543770763,0.655,39.4,59.0,0,0,33.0,26.829174291271947
Egypt,-0.761369142986299,0.582557703243535,1.7100220979700282,-1.799642166283229,-0.2590429577324353,-0.4435414592585969,-1.0483954070501778,0.0255049583045527,0.645,22.9,37.0,0,0,30.0,27.72518654675421
Eritrea,-2.5501883092164728,0.8149628905678908,0.0966734825777613,-0.3417784284024058,0.972659771180866,-2.078308835971499,-0.2785367359445755,-0.0620083387595519,0.5534598629733485,22.0,480.0,1,1,30.408878597973413,32.765110411727186
Spain,1.6240602675227946,-1.9819559839850416,-0.2816120409995892,1.051877199039508,-0.8357068387929361,-3.2188159655691506,-2.0847743090537776,0.2039993363954682,0.859,42.3,4.0,0,0,15.0,20.91395479116848
Estonia,1.8036332160054669,-1.280808896606932,-0.7479610279097798,1.5284090039501366,-0.7919721438987007,-2.310109469275574,-1.9575998499134744,0.962572041701914,0.892,25.7,9.0,0,0,21.0,21.37501524797729
Ethiopia,-2.208243653442413,0.1622357293706469,0.2159874136101879,-1.1611003678221363,0.8616088572066605,-0.3582560197443319,-0.1883719650461507,-0.0118738775404288,0.521,39.5,401.0,0,0,37.0,32.17202313826482
Finland,1.7525402929888712,-2.597928435505472,-0.8529249529113959,1.3642853589766182,-0.8654003155724048,-4.552974261524879,-3.5443157282291464,0.7298318714332364,0.924,46.0,3.0,0,0,23.0,21.115876568729313
Fiji,-0.3120904643172751,0.052342741382588,0.1591325053238304,0.2165168785699649,-0.5012949457378874,-0.0163356704617309,0.0113330869799529,-0.4603150076575774,0.738,21.6,34.0,0,0,52.0,27.234712995552055
France,1.539219819439884,-1.755316651558387,-0.7921861771815037,0.7913855246604631,-0.7850091795270816,-2.701818179471522,-1.3891321892387811,0.8013098833954572,0.864,37.8,8.0,0,0,22.0,20.872234091606412
Micronesia (Federated States of),-1.4156608155549708,1.12818765092071,-0.1742447498119241,-0.1814460377253187,-0.2646087911371399,-1.597131050001459,-0.2047051790701979,0.0186847134690731,0.636723667491957,7.1,88.0,0,1,35.0,30.32570259281232
Gabon,-0.6352965938288774,1.6459914095209462,1.848189705576336,-0.4334060110651446,0.8216530104584427,-1.04569273594025,-0.7133825710479682,1.4670084526424088,0.593,18.7,252.0,0,0,41.0,31.366827999682748
United Kingdom,1.749512324339214,-1.643546169755237,-0.5772193505191135,1.2039759719883456,-0.7741187393178459,-2.875404279607297,-1.978790097238784,0.426204469710758,0.86,31.1,7.0,0,0,24.0,21.63010817205351
Georgia,1.2456766875704537,-0.2408530030108185,-0.4864722879987171,0.8986169694268786,-0.4569564869688586,-0.3000249709819129,-0.2164345956429446,-0.0198884394590151,0.812,19.3,25.0,0,0,10.0,21.781446748776368
Ghana,-0.6017504417088106,1.4570478570075112,-0.1637681521054599,0.1932128068494348,0.5914443563775084,-0.8767791915451458,0.2815203061663751,-0.2846210518199803,0.651,14.5,308.0,0,0,24.0,29.52057461574837
Guinea,-2.0352525318886068,1.3284213906370768,0.3831088487191365,-1.059072634220461,1.843785719851116,-2.7036729987090946,-1.406894741536817,-0.3911912354514297,0.539,16.7,576.0,0,0,37.0,34.90948828760978
Gambia,-1.302670575607158,2.1093131252553423,-0.3967822280414547,0.0836986574518832,1.214483940020276,-2.74774014301211,0.1765466767295081,-0.3567580469972042,0.575,8.6,597.0,0,0,25.0,32.05883544090894
Guinea-Bissau,-2.9320775228688745,1.849625162576033,-0.0146881848688804,-0.5096833940552673,1.686689696997913,-5.423244364921874,-0.942723230591778,-0.5129002745582119,0.483,13.7,667.0,1,0,34.037701367200334,35.69671342522218
Equatorial Guinea,-0.7162222764384928,1.2028706128061593,0.7973019358603839,-0.795858175575284,1.5644510874312731,-0.8615227285649922,-0.9573144113610338,-0.189179629534733,0.619,20.3,301.0,0,0,46.0,32.201171914202035
Greece,1.0189993520031484,-0.5362697320216421,0.1150060351934468,0.4389838597118004,-0.8091064952332341,-0.5464585094289554,-0.2354137568094733,-0.4681716835833375,0.766,21.7,3.0,0,0,18.0,22.9828064603189
Grenada,0.0835427428322531,-0.7538950043895487,-0.2461420404146609,0.3245297707139071,-0.4438649008434701,-0.0629824564742364,-0.2446613729169002,0.0537122466595781,0.7441886240508107,32.1,25.0,0,1,28.0,23.230272151766457
Guatemala,0.230541184389115,1.3530854942099275,0.2991312332850124,0.4714507402310283,0.1212911176244252,0.3119419324148877,0.6379131578411371,0.1381550053499934,0.569,19.4,95.0,0,0,21.0,27.112708242836792
Guyana,0.3281190054097597,-0.7441599297585659,0.5938627878752724,-0.2432825448790972,0.3169048807332029,-0.2441730160181773,0.1810411215087141,0.5851144657226489,0.769,35.7,169.0,0,0,31.0,26.452574893480705
"Hong Kong, China (SAR)",2.4110569244806306,-0.9272192955882532,-0.9312523756132404,1.3474483465627871,-0.88548438962496,-2.2355785031401108,-1.249380106741504,0.9530500541827336,0.812,28.032056804924608,9.339447908044283,1,0,20.65072291351456,21.442331536966087
Honduras,-0.3255818448012739,0.8482886621794264,0.7617039709854123,0.04882570673808,0.158680270530411,-0.2761873875563823,0.0414182934488109,0.7581598230985286,0.61,27.3,65.0,0,0,17.0,27.466090181247004
Croatia,1.2380999105006574,-1.388436536926714,-0.2065308615612735,0.7615714454626886,-0.7967916070399312,-1.7190231521048072,-1.0573936203604872,-0.3979020366064921,0.862,31.1,8.0,0,0,13.0,21.082540018787206
Haiti,-1.5501456488884853,2.2274086011669896,1.0716925752715951,-0.0502782808558926,0.8168698962887424,-3.452807751395796,-0.1119902752303048,0.4281009816736925,0.431,2.7,480.0,0,0,23.0,34.91688514956246
Hungary,1.324775145655963,-0.2083082917938898,-0.6806594015726172,0.4257760569380562,-0.6112506106825749,-0.2759616476025953,-0.0886926831075044,0.5466575093334194,0.835,13.1,12.0,0,0,19.0,21.730458339394126
Indonesia,0.0759724142476089,0.8631583291694465,-0.4892393402712902,0.1076250359378049,-0.0935808182377798,0.0655762221449351,0.0928974461968773,0.158908837355285,0.7,21.0,177.0,0,0,22.0,25.57376172499667
India,-0.4036248469028969,2.1869318639143547,-0.7769923996543193,-0.2694701539108829,-0.4090607268424912,-0.8827000387594985,-0.5893128659616154,0.5890642967249605,0.595,13.4,133.0,0,0,35.0,28.699567973042832
Ireland,2.0872826991392164,-1.613450437882387,-0.7662918280797535,1.4825680069231804,-0.8387423273269388,-3.3677271849104997,-2.3920499999606237,0.7034128276992052,0.892,27.3,5.0,0,0,16.0,21.304932899811508
Iran (Islamic Republic of),-1.0843798306125545,2.0312301956724337,0.9271405261188866,-2.0332837161686497,-0.4964041794023166,-2.202625055518379,-4.130067280650819,-0.6370448822133508,0.557,5.6,16.0,0,0,31.0,29.172068539022895
Iraq,-0.8969564148199276,1.8865015335823887,3.032366447973725,-1.5513202035775766,0.0611987693277424,-1.692109652114355,-2.926567943126442,2.1990267774833256,0.424,28.9,79.0,0,0,26.0,29.64902032090123
Iceland,1.862308177363733,-2.580707094919031,-0.8041634902739924,1.403533191659339,-0.8474892663057858,-4.806071926248316,-3.622108065669608,0.7022125771806105,0.924,47.6,4.0,0,0,21.0,21.031283346920812
Israel,1.5019038214772944,-1.475976923469066,-0.6506448937783051,0.5459041510955204,-0.8208889227460838,-2.2167753817704905,-0.8057419294429583,0.4486490172112095,0.703,28.3,3.0,1,0,21.376146365584056,22.189414427342413
Italy,1.5456360455844025,-1.3145884832700512,-0.2850746232006727,0.9376582796791684,-0.8702197787136354,-2.0318753448523195,-1.2326347757090437,-0.2429217809293163,0.827,35.3,2.0,0,0,16.0,20.820850994459796
Jamaica,0.1162646956362985,-1.205689151849764,0.0172743910246159,0.6556865057052231,-0.3214927168425279,-0.1401790822717997,-0.790554106943066,-0.1372311171970549,0.71,31.0,80.0,0,0,24.0,25.185791607493602
Jordan,0.1667264992803928,1.8271302348088772,0.7039832378781444,0.0070269642120725,-0.4932094153195979,0.3046310277790463,0.0128391787707976,-0.5593158517533103,0.679,11.8,46.0,0,0,24.0,26.42392213347788
Japan,1.779979713072127,-0.9339213499449844,-0.7376767690838225,1.294434826596748,-0.8780170857031044,-1.6623610565070068,-1.2089003206710367,0.5856999115989795,0.866,14.2,5.0,0,0,20.0,21.390280168857156
Kazakhstan,1.2359746699216014,-1.0502122620976788,-0.3670341387480467,0.0382304965893417,-0.6182712197399582,-1.298035753993797,-0.0401501363042101,0.1760510253515954,0.729,24.5,10.0,0,0,16.0,22.23516380974585
Kenya,-1.1084283171185507,0.3921922236214677,0.4951239448366003,-0.0274516762520428,0.6662833175267032,-0.4347169664157257,-0.0107663339514253,0.3005394908860104,0.511,23.2,342.0,0,0,38.0,31.97994143648861
Kyrgyzstan,-0.4375256014168482,0.2195064381042827,-0.2829631671510096,0.0443059851204504,-0.3406416215273453,-0.0960396863464465,0.0097254489804914,0.0508876819945736,0.673,20.5,60.0,0,0,23.0,25.721818419374976
Cambodia,-1.0556176060588438,0.9775002016746622,-0.3108807451768258,-0.1624667056601709,0.0208621002421297,-1.031866422813844,-0.158811237548235,-0.0121007038783643,0.645,19.8,160.0,0,0,19.0,29.078156661970596
Kiribati,-1.5650928991147317,1.3823088100766807,-0.0909485029371214,-0.4561326653227657,-0.1942737526832026,-2.163441703034747,-0.6305162018394171,-1.7178221581107663e-05,0.6071346718868672,6.7,92.0,0,1,53.0,32.06235141708259
Saint Kitts and Nevis,0.9560400716072518,-0.2471870101424076,-0.187730089685604,0.1765672970201507,-0.1421492851132413,-0.2363206868769299,-0.0436451422393375,0.0222110872487406,0.7247305863904476,25.0,129.3601382147746,1,1,25.33604101387176,25.20341926132675
Korea (Republic of),1.5754736079806235,-0.3656290901213426,-0.7595147262975255,0.9954624659490854,-0.8739743204939596,-0.5760389817961443,-0.3639700356749121,0.7230237879622784,0.848,19.0,11.0,1,0,21.35865272865862,21.393362346360053
Kuwait,1.263613800402012,0.6707376370325704,0.6837387178608781,-0.2900167933576943,-0.8272617817514858,0.8475533346033917,-0.1945251786765031,-2.43278274564264,0.742,1.5,12.0,1,0,24.28254938511663,25.15182199420417
Lao People's Democratic Republic,-0.4545563394002331,0.5282664357216392,-0.2288575164133804,-0.8294948129212619,0.4385276838192121,-0.2401268572496368,-0.438194268271503,-0.4795375288453544,0.704,22.0,185.0,0,0,19.0,29.220146088888473
Lebanon,-0.9536934304489826,1.552229081087133,-0.2503778112257765,-0.8874008906693464,-0.5973959851336769,-1.4803506771846602,-1.377449469079583,0.5012237805356708,0.595,4.7,29.0,1,0,24.59721477337812,27.96596358751435
Liberia,-2.6227662785661443,2.322284531338896,0.2448161994837336,-0.1610557783954029,2.1434707634024446,-6.090809558031438,-0.3740173428503894,-1.0600371287631685,0.5,9.7,661.0,0,0,43.0,35.99931928690137
Libya,-0.35499541844589,-1.559207047541811,1.4612936636549632,-1.6501130377888529,-0.6781739648193134,0.5535113582858859,2.572867877761006,-3.426519970154821,0.61,16.0,72.0,1,0,24.92888900905253,27.30532087453343
Saint Lucia,0.0165025454872676,-0.7222755637205174,-0.7994917362842754,0.4177813445560017,-0.1863748148307816,-0.0119193853446396,-0.3017532561511018,0.4603648190724404,0.7016164273348129,24.1,117.0,1,1,24.99953537391617,25.526729121897603
Liechtenstein,2.0816026740918336,-0.973307305667766,-0.494918788752182,0.5702872182369729,-0.8877136566713295,-2.02603909019114,-0.5550647158389933,0.1760590690002066,0.8060850260782533,28.0,0.0,1,1,21.153027809195784,21.54952704421757
Sri Lanka,-0.0914256114904418,1.1497041893452848,0.4528417028274023,-0.2529872430502928,-0.6422092598973946,-0.1051124085440153,-0.2908604931858354,-0.9636817685290118,0.743,5.4,36.0,0,0,24.0,26.646869336101545
Lesotho,-1.604583007338567,0.2638490842415011,1.193957970752671,-0.0530357131296113,1.4434410801744355,-0.4233677570757548,-0.0139934243413429,2.289642028034645,0.605,22.9,544.0,0,0,40.0,33.619176484160505
Lithuania,1.7276224878641466,-1.2861359146816098,-0.8264565150937268,1.2647655870476855,-0.773226752014232,-2.2219573286536725,-1.6266604451553983,0.8256685444872478,0.886,27.7,8.0,0,0,22.0,21.425489336561416
Luxembourg,1.9548241374881945,-2.0501013727196957,-0.1095801708354519,1.2730593579541127,-0.8596888651275605,-4.0075876476901415,-2.6099007372953804,-1.3435239031010966,0.924,35.0,5.0,0,0,20.0,21.579766766815787
Latvia,1.628806806821058,-1.3195951538125492,-0.9526385459496804,1.2949739764951471,-0.7385408780362405,-2.149365568777961,-1.7088413836963623,0.7460901116288309,0.872,29.0,19.0,0,0,25.0,21.49472547749067
Morocco,-0.4514603962474396,1.1379541647898055,-0.3117030305659533,-0.750915990688829,-0.4338361202692367,-0.5137412381474299,-0.8545079790116159,0.1981624554010074,0.637,20.4,70.0,1,0,24.18190668086045,26.991892825298027
Monaco,2.290605127941564,-1.2910818125335304,-0.4632528102750591,0.6156498982230285,-0.8327289949446977,-2.957358620381393,-0.7948543864838712,0.1734425340739835,0.81519325617942,33.3,0.0,1,1,21.16503478043585,21.325279695597185
Moldova (Republic of),0.8341002076276489,-1.5232428584041573,-0.4866123471333754,0.4996903179041482,-0.5212205483547907,-1.270537184462241,-0.7611497081611968,0.1628266479765951,0.758,39.6,19.0,0,0,27.0,22.247649040445612
Madagascar,-2.7897609185217958,0.6144387144526727,0.2831355486659971,-0.3867361848423646,1.373530850235081,-1.7141371124068394,-0.2376256842468737,-1.200910754572113,0.505,17.2,335.0,1,0,34.32630035020188,33.8771442341649
Maldives,0.9236434724241862,0.6522717470081638,-1.1836896732620117,0.2250308558161841,-0.7147591027760609,0.6024665413708107,0.1467812694539646,1.8185655341799984,0.72,4.6,53.0,0,0,19.0,24.451169222275933
Mexico,0.9635296615328004,-1.1402546347384437,-0.1879555237043049,0.0393919532531336,-0.1421683145933165,-1.0986691622707394,-0.0449168572682857,-0.0859758560945777,0.551,49.8,33.0,0,0,24.0,25.544357258694838
Marshall Islands,-0.8181798552320358,1.198008772265662,0.0530572541834918,-0.4341593533081809,0.3450325340537528,-0.9801866438590284,-0.5201267138243876,0.0125048504208423,0.6012866382535543,6.1,232.9281989286909,0,1,38.0,30.412643791077805
North Macedonia,0.9298895102154108,-0.9105465530292968,-0.1322399459868633,0.6560808159549112,-0.6968783811780535,-0.8467076882247432,-0.5973921254763929,-0.6322181268501084,0.798,41.7,7.0,0,0,13.0,21.88740504612891
Mali,-2.1025145244255583,1.033264787288555,0.5839933139763173,-0.7367747277669966,2.2751026672511925,-2.172454222851672,-0.7612833823657488,-1.303464722647544,0.481,27.3,562.0,0,0,29.0,35.30298178066598
Malta,1.6822817687342164,-0.0429734997591176,-0.9733089888478056,1.150463510820353,-0.7632282991086101,-0.0722935351834678,-0.049439443405112,1.3708766739162332,0.846,13.4,6.0,0,0,17.0,21.45176254381339
Myanmar,-1.7713051533470918,1.4662324985540098,-0.3760375880534421,-0.963782904611734,0.0553204061285241,-2.5971451806937,-1.4131298162925034,0.1728247973363157,0.451,15.0,250.0,0,0,19.0,31.42094647637617
Montenegro,1.2319704936628328,-0.7454739627905638,-0.7984177332286451,0.6363630057039228,-0.7776290438465376,-0.9184019259518792,-0.4743920516354175,0.8089693813522312,0.808,24.7,6.0,0,0,16.0,21.415851383801424
Mongolia,0.1578792049722128,-0.5333026525642895,-0.4133698406773226,0.6783065878786417,-0.4783914992727456,-0.0841973987964223,-0.361742702567512,-0.0558206808854628,0.794,17.1,45.0,0,0,27.0,23.042371081899518
Mozambique,-2.7957084858917622,-0.2689754717295514,0.7492637631658869,-0.2448383117925771,1.8797277343100809,0.7519770088110468,0.0658555004118754,-1.7941953398064503,0.58,42.4,289.0,0,0,30.0,33.11307643855077
Mauritania,-0.8680141881752451,1.703321271410995,1.0441543612566972,-0.90330444293509,1.780233074505848,-1.4785070306054415,-1.5386176722113982,0.8933492654173636,0.506,20.3,766.0,1,0,34.52235787383248,33.28124064725628
Mauritius,1.4994719904918314,0.5064852708070212,-0.0381010417236773,0.884352340941607,-0.4706654954776168,0.7594604771717984,0.4479114348906329,-0.048158104510398,0.678,20.0,61.0,1,0,24.10896664719077,24.58598941271997
Malawi,-2.864445716034157,0.6877459772573207,0.4920718239452287,-0.1896252440623931,1.3847095138731371,-1.970011018274457,-0.1304139987903485,-0.718020490899266,0.521,22.9,349.0,0,0,30.0,34.30820948198164
Malaysia,1.2878536281164412,0.1332856349638946,-0.5262076264108416,0.219542516055834,-0.7414034325129507,0.1716523885640552,0.0292618636540728,0.2131752413412555,0.738,14.9,29.0,0,0,19.0,22.542108321676878
Namibia,-0.3591327188363818,-0.5410633298565208,-0.2894378791621677,0.3486081619703908,0.3518789781400152,0.1943135447140384,-0.188619092930861,-0.1595683757555983,0.61,35.6,195.0,0,0,27.0,27.933694569572626
Niger,-2.9510425514241434,1.0113806183295115,0.7357078766731983,-0.5119231505158582,2.425510290653021,-2.984627240376049,-0.5177491525059204,-1.8020331028660617,0.442,25.9,509.0,1,0,39.47485156427364,36.09812716063159
Nigeria,-0.5691731086553841,2.4913773686837097,0.510842645412041,-0.4855102844424664,2.422876699016628,-1.418025001767378,-1.2095893349231517,-0.191203337542412,0.465,4.5,917.0,0,0,24.0,34.96001145853666
Nicaragua,-0.4113062741515315,-0.9030972597068622,0.2548365302377689,-0.4204289442812013,0.4093636570687372,0.3714495690864874,0.379688227481802,0.1442863385024345,0.717,50.5,98.0,0,0,23.0,26.321743587015504
Netherlands,1.875475995825683,-2.076206546507882,-0.6986786119929054,1.359143330593597,-0.8793262443156432,-3.893875540351672,-2.821862280620953,0.6373725434085784,0.908,39.1,5.0,0,0,21.0,21.1754677016341
Norway,1.847652562410424,-2.4700739957518385,-0.7762704261577019,1.2765839366419345,-0.8924754751267958,-4.56383854759424,-3.1532567852937547,0.6640888323427974,0.92,45.0,2.0,0,0,20.0,21.064005804508138
Nepal,-1.4183693105527393,0.2541900696327789,0.2462735045197243,-0.0677563346462903,0.3176679201567125,-0.3605353938143974,-0.0172229874218024,0.0670141170596739,0.644,33.6,186.0,0,0,27.0,29.97836255042435
Nauru,0.3894501353405211,1.3825367075291175,0.1715924209540529,-0.5924749441142535,0.7433026522458307,0.5384291078604533,-0.8191183585292179,-0.0030072442059999,0.5899111399248261,10.5,327.62529185847893,0,1,43.0,31.145146014243455
New Zealand,2.057897809316863,-2.4729538210984163,-0.6038614873999512,1.6522065164441344,-0.7422241166222243,-5.089086250980197,-4.0858304180842255,0.4587690454790779,0.904,49.2,9.0,0,0,23.0,21.096596097498427
Oman,0.893696571996617,1.2930354340995849,0.1907504436759498,-0.7091387222480935,-0.7555599399992455,1.1555813349249564,-0.9169414955588884,-0.7810278539051706,0.715,9.9,19.0,1,0,23.63598005311317,25.642304427307913
Pakistan,-0.9702893812564444,1.8674486544570363,-0.0946062660264543,-0.9945304439575956,-0.0650538936821693,-1.811965599461297,-1.8572345393851704,0.0215147242078757,0.481,19.9,140.0,0,0,29.0,29.93611717419987
Panama,1.3505662610763938,-0.047459170260422,0.5018029283636715,0.6766891381834429,0.1025730427571088,-0.0640967541324062,-0.0321151050224262,0.422915121843994,0.757,22.5,52.0,0,0,16.0,23.599676411891046
Peru,0.3427939903229179,-0.2801989018216866,-0.1005578969176585,0.686039734801397,0.0103145174960193,-0.0960504996395554,-0.1922275802973926,-0.1350746082266178,0.717,40.0,88.0,0,0,38.0,25.889699835165608
Philippines,-0.0453002667171884,-0.3190862501555769,-0.1439854555845295,-0.0176450866026806,-0.0296353079492799,0.0144546922378351,0.0056303045177197,-0.0135957611520019,0.612,28.0,121.0,0,0,14.0,27.545412678903183
Palau,-0.1338468460409777,0.8763292630088813,-0.0877403481095155,-0.1934572261758185,-0.023469355923118,-0.1172939079471531,-0.1695322284383975,-0.0006042306096822,0.6458128272482555,6.9,157.7026976031101,0,1,31.0,28.87107566345792
Papua New Guinea,-1.6143034865931067,1.9906366799021809,-0.5451094955510254,-0.0789309033898753,0.1161424555286455,-3.213491732906217,-0.1571227514657013,-0.2372779746723657,0.487,0.0,145.0,0,0,51.0,33.08007931933169
Poland,1.150661353536979,-1.0205307992376604,-0.6046341552231609,0.5715311361436335,-0.7955977377989207,-1.1742853507769813,-0.5832651271578704,0.3733066806136184,0.859,27.5,2.0,0,0,13.0,21.074943911949056
Korea (Democratic People's Rep. of),-2.2298640584491616,-0.2474788580668841,-0.6068553840397531,0.6299364750032443,-0.7009757804215032,0.5518442108293864,-0.1558959594884812,0.3048367995998284,0.7267603999701064,17.6,89.0,1,1,22.348599116555363,26.63065663197723
Portugal,1.4390550571579706,-2.0330485821253763,-0.5201198718486865,1.0507372164609885,-0.8125015103903976,-2.9256688435553646,-2.1361998081123774,0.3336871841553813,0.877,40.0,8.0,0,0,18.0,20.9577034580367
Paraguay,0.0372813005661369,0.6265070548537084,0.3337482727471673,0.2230885688289286,0.1782463465241534,0.0233569978188063,0.1397665622285409,0.1197054823764033,0.691,16.8,84.0,0,0,18.0,26.030759995923276
"Palestine, State of",-1.164609689471138,1.0678174321920209,2.4980635617096607,-1.5424674164420344,-0.2980734788569683,-1.2435905281170174,-1.6470735958649938,-0.0824715516821743,0.483,18.874003108136925,27.0,1,0,27.59774814414116,29.22053047402822
Qatar,1.6535081521823205,0.0220530862742764,-0.5572812253015648,-0.5011643661072334,-0.8142278403118612,0.0364649579352961,-0.0110522210033558,0.2729873513184218,0.703,4.4,9.0,1,0,23.3900087295012,23.446580362050867
Romania,1.5689021963055478,0.0861920918691763,-0.3498220695211854,0.984100109386244,-0.4086329076764493,0.1352269622377203,0.0848216470366856,0.0264943984667687,0.8,18.5,19.0,0,0,18.0,21.828954696431172
Russian Federation,0.8784942681305208,-0.3028793746066187,-0.5410594964541938,-0.4661867844411658,-0.6931951425920696,-0.2660777945268713,0.1411983617214108,0.2809031236927132,0.752,16.5,17.0,1,0,22.958763991982146,23.19497632502009
Rwanda,-1.4834679948145002,-1.678999743478402,-0.1218812359598586,-0.4151420762494683,0.0430631626209854,2.490742382751965,0.6970234395299484,0.0774132231663871,0.663,55.7,248.0,0,0,38.0,29.358839834586906
Saudi Arabia,1.225765688068557,0.8855503117316352,1.3241300340217732,-1.2300818623097365,-0.733779059580774,1.085477187179053,-1.0892993766238173,-1.823951478465788,0.737,19.9,17.0,1,0,23.806963118629756,24.06876801821602
Sudan,-2.7932232772152,0.8313213793027773,2.2634846513807627,-2.265846966257271,0.7683673616361222,-2.322066227515164,-1.883647025278008,1.5158583422165026,0.46,31.0,295.0,1,0,31.476457853411524,32.03748354671256
Senegal,-1.770695068547027,0.8297339123871998,0.058935640157266,-0.2774098232640694,0.6369630258789715,-1.4692057468702455,-0.2301763379915379,0.0192422063529659,0.619,43.0,315.0,0,0,24.0,30.01789591564462
Singapore,2.5281964314403806,-1.258418944294752,-0.4730187365204102,1.135015951586018,-0.8753411237922625,-3.181530284222963,-1.42832557555258,-0.101377832509992,0.887,29.8,8.0,0,0,11.0,20.68183333308687
Solomon Islands,-1.7271752190513006,0.9620579567021308,-0.1457188790740205,-0.11196317715246,0.0913534035933239,-1.6616426621070493,-0.1077150654371743,-0.1527174388219951,0.664,8.0,104.0,0,0,50.0,32.3423694445235
Sierra Leone,-2.815605182427116,1.821586846957503,-0.1161527067684131,-0.3973099209058298,2.859236051095333,-5.128869366534616,-0.7237345260877854,-1.207968485552748,0.543,12.3,1120.0,0,0,36.0,38.22500618678815
El Salvador,-0.0631298329525084,0.4614239740802633,0.0449592293506415,0.0657646106300777,-0.0939160384952474,-0.0291296184039695,0.0303453679907715,0.0683193976673456,0.566,27.4,46.0,0,0,21.0,25.98206670507025
San Marino,1.6148487505975877,-1.2408089850152393,-0.5169397693246544,0.6443698277962214,-0.8772403877710186,-2.00371883918212,-0.799539872002274,0.2365046588372271,0.8157070307750729,33.3,0.0,1,1,20.83871046714443,21.362834285467756
Somalia,-3.0119262813096053,2.120755943258492,1.2247736332187282,-1.426382708505059,2.442568712239015,-6.387560561743794,-3.0250096064232497,0.4518007535953609,0.417,24.6,829.0,1,0,37.93520256927988,36.258563571487684
Serbia,0.8235818874282392,-1.3300024220962707,-0.8183979785241181,0.2536081116590868,-0.7055100307853723,-1.0953659050741764,-0.3372994027698469,0.9397483795495016,0.835,39.2,12.0,0,0,17.0,21.60523667582648
South Sudan,1.998386468605072,0.4293259235388635,0.2252632099265085,-0.9313765444056016,2.9030147321667563,0.8579591162214404,-0.3998640950893702,-1.1056393170786545,0.388,32.3,1150.0,0,0,41.0,34.0779043006159
Sao Tome and Principe,-1.8731870529825208,1.1081315020508784,1.86784664410908,-1.077079660275284,0.3986324924082176,-2.07573758264378,-1.1935459017693002,2.010887020087685,0.648,23.6,130.0,0,0,27.0,30.062473388061015
Suriname,-0.6094921355086859,-0.1081855900099261,1.1998115791072452,-0.074389707686974,0.0715870765251367,0.065938266286417,0.0080478944167812,0.7440481558548724,0.694,29.4,120.0,0,0,28.0,27.906331230807282
Slovakia,1.3444157181075092,-0.91086016499909,-0.6177110295474441,0.8705034967912961,-0.5716739703690126,-1.2245747228227757,-0.7929069587196047,0.4462512875002806,0.856,22.7,5.0,0,0,18.0,21.15161876980779
Slovenia,1.2801278041797826,-1.255222813561235,-0.7317911399557722,0.7211004733344568,-0.852668256070177,-1.606845624080513,-0.9051417649992154,0.7530282529159619,0.824,21.5,7.0,0,0,18.0,21.13338449574531
Sweden,1.753527578089244,-2.6495628531793995,-0.7497133414913965,1.3572362016009742,-0.8749815971691017,-4.6460815329309,-3.596082622752248,0.690257597233393,0.926,47.0,4.0,0,0,21.0,21.087232317036463
Eswatini (Kingdom of),-0.8800845359296658,0.5325447199371399,0.3997174551974936,-1.082604702456695,0.950014220475933,-0.4686843727076716,-0.5765354180724312,0.1226306349940283,0.415,18.4,437.0,1,0,31.095016463550472,31.986522140340398
Seychelles,1.077725952200773,-0.198596815635992,-0.0714986708557206,0.6181392795846938,-0.1112369823956492,-0.2140329422353409,-0.1227604925450464,-0.0316062279622525,0.799,22.9,53.0,1,0,26.203221819090277,24.275186834940094
Syrian Arab Republic,-2.4755586042626176,1.9908365434241877,1.9209549468842333,-2.693656976303785,-0.3521085085942221,-4.928432534754196,-5.362630743875076,-0.436625712812827,0.407,11.2,31.0,1,0,27.23235257112902,31.232564961123387
Chad,-3.14577657203009,1.5277600716164237,0.3867378615616522,-1.293958797636665,3.3928842905079204,-4.805991840973959,-1.9768585853460932,-1.6346732215849658,0.462,32.3,1140.0,0,0,29.0,37.993736363257156
Togo,-1.899969555750232,2.160414575811324,-0.4288220885625633,-0.4826482212164834,0.9644999269167768,-4.104721921840567,-1.0427202521054992,-1.0473006225997257,0.595,18.7,396.0,0,0,25.0,32.3398378322142
Thailand,0.7446663612834226,0.3342110107672234,-0.2637582024031752,-0.1422097455107821,-0.4174511498496366,0.248875697288883,-0.0475280627881081,0.0061226529814231,0.764,13.9,37.0,0,0,24.0,24.227508166214168
Tajikistan,-0.651537960188346,-0.336191506161227,-0.7943374114353343,-0.7679380514478189,-0.295210924380258,0.2190415281569336,0.2581742501547601,-0.0303406132153588,0.69,23.4,17.0,0,0,24.0,26.225851087125655
Turkmenistan,0.3023595365246022,-0.9488465131648398,-1.1836790160687705,0.6705602268566078,-0.6261838161009554,-0.2868927919535058,-0.6362587331199162,0.9576343366620312,0.75,25.0,7.0,1,0,22.496777156918554,22.996146178523304
Timor-Leste,-1.694554500139403,-0.480140239893304,-0.1994888504334112,0.0046451075768678,-0.1706209253031275,0.8136238042092108,-0.0022303030662875,0.0118924300118415,0.664,38.5,142.0,0,0,38.0,29.55632134984843
Tonga,-0.4157767861133596,1.738227010169603,-0.1305569685426647,-0.0625483405438331,-0.5637886910251677,-0.7227144398237515,-0.1087232149745772,-0.3258865564032248,0.697,0.0,52.0,0,0,37.0,29.118635857652517
Trinidad and Tobago,1.0298229470315237,-0.8388122105107102,-0.1320860106322607,0.5258349787653888,-0.2807222072879548,-0.8638280626341663,-0.4410768009020481,0.00670107757385,0.721,32.4,67.0,0,0,28.0,24.20171418782418
Tunisia,-0.5510530384536957,0.4223426967792278,0.3612822180240793,-0.5178323253129826,-0.7446255136128219,-0.2327332263289213,-0.2187027007521435,0.3869705519946573,0.669,26.3,43.0,0,0,25.0,26.44270437027011
Türkiye,0.8625164606232104,1.4269184678337965,0.2154111953774608,-0.6895040688640968,-0.6683211289538313,1.2307406664739005,-0.9838660895087254,-0.585620245964351,0.665,17.3,17.0,0,0,32.0,26.522564297041573
Tuvalu,-0.5388413229860121,0.9596591438733312,-0.1699337480845731,-0.2362211062136289,-0.1788718332449499,-0.5171040027003294,-0.2266917445537823,-0.0015013818583027,0.6456241828308772,6.3,143.00963818081294,0,1,39.0,29.88910680328285
Tanzania (United Republic of),-1.593868449839527,0.0026115001467611,0.5907498519698368,-0.3652158765510179,1.8458412487271287,-0.0041623876906738,-0.0009537613152124,-0.482476799475753,0.652,36.9,524.0,0,0,38.0,33.631262252616565
Uganda,-1.3293361748918668,0.0826997634189659,0.3966616238138672,-0.2058614237961052,1.3110234464392243,-0.1099357871678304,-0.0170246910450293,-0.3742785264702505,0.544,33.8,375.0,0,0,45.0,33.13997617769754
Ukraine,-0.41575436263466,-0.7121441896432343,-0.4243204990163809,-0.2655297908881003,-0.6809378990845308,0.2960770536690993,0.1890954977581436,0.1184170498384799,0.626,20.8,19.0,0,0,18.0,25.37335000234701
Uruguay,1.0125329026564769,-1.0842115515010753,0.0334997349930613,0.7956155669806686,-0.4156535167338325,-1.097799869335066,-0.8626155882745183,-0.0385566662697804,0.748,26.2,17.0,0,0,18.0,22.776735978463453
United States,2.072005930463114,-1.1425524531969162,-0.7181304339653624,1.2565549730082497,-0.6757012646343754,-2.3673754588891898,-1.4356799669873606,0.6063608404252846,0.823,27.0,19.0,0,0,26.0,21.586925490243786
Uzbekistan,-0.209955055178431,-0.6978929932875625,0.1940859352819572,0.1331106516136947,-0.6549989640853864,0.1465261619143306,-0.0928969910931393,-0.7878376725960408,0.674,28.7,29.0,1,0,22.949120820320587,25.781731603955414
Saint Vincent and the Grenadines,-0.0025810000947587,-0.0687677684596832,-0.6078052859690986,0.2231686751561321,-0.1502235173429943,0.0001774896169107,-0.0153468117805911,-0.050947688468546,0.7095544538507322,18.2,68.0,1,1,26.03544310851816,25.53154480540925
Venezuela (Bolivarian Republic of),-2.504664298504141,0.3918408021934731,0.3135569726580813,-2.695354843391879,0.4308289970412358,-0.9814296679512152,-1.0561500040307372,0.1988312009584826,0.628,22.2,125.0,0,0,19.0,29.251483500192947
Viet Nam,-0.4900536480539296,-0.4123524748992119,-0.4506812724039441,-0.7475362516497186,-0.3793702607144816,0.2020748346084252,0.3082484234446416,0.1297655032824919,0.707,30.3,43.0,0,0,25.0,25.340203470699024
Vanuatu,-1.7854103365809402,1.823974321489448,0.2430164287865009,-0.5690628370116058,0.070664761552911,-3.256542607245467,-1.0379560020231038,0.0569879662872029,0.644,0.0,72.0,0,0,47.0,31.724958838286316
Samoa,-0.9129623752508228,0.3613873433059111,1.152288708141754,-0.6315276055240868,-0.2615459855859848,-0.3299330473301491,-0.2282260835846932,-0.0453682815612711,0.711,7.8,43.0,0,0,40.0,28.944175791672638
Yemen,-3.095023263144042,4.331391085205242,1.1549349763455614,-1.9657775712016348,0.1461818004226989,-13.405756170484942,-8.514551447399173,0.1144634158516537,0.287,0.3,164.0,1,0,29.475766675152197,33.37746608362022
South Africa,-0.1748763420139162,-0.0113945970349483,0.5747796639804982,0.0270774019310293,0.1361530198484655,0.0019926454481943,-0.0003085360837574,0.3446531827877082,0.688,46.0,119.0,0,0,24.0,26.0008026873547
Zambia,-1.4968849969434848,1.1524215222701903,0.4496614224527456,-0.2802718864900524,1.0735712417635082,-1.72504248684102,-0.3229913540784042,-0.6628023484718508,0.556,15.1,213.0,0,0,41.0,33.48771754082861
Zimbabwe,-2.607695522471297,0.3321248966007007,0.2650613323374186,-1.6437263958750483,1.3156729861746217,-0.8660806057668898,-0.5459224592698428,-0.2527261551415394,0.604,34.6,458.0,0,0,35.0,32.95452406652928
